-- phpMyAdmin SQL Dump
-- version 5.2.0
-- https://www.phpmyadmin.net/
--
-- Host: 127.0.0.1
-- Waktu pembuatan: 14 Des 2023 pada 15.32
-- Versi server: 10.4.27-MariaDB
-- Versi PHP: 8.1.12

SET SQL_MODE = "NO_AUTO_VALUE_ON_ZERO";
START TRANSACTION;
SET time_zone = "+00:00";


/*!40101 SET @OLD_CHARACTER_SET_CLIENT=@@CHARACTER_SET_CLIENT */;
/*!40101 SET @OLD_CHARACTER_SET_RESULTS=@@CHARACTER_SET_RESULTS */;
/*!40101 SET @OLD_COLLATION_CONNECTION=@@COLLATION_CONNECTION */;
/*!40101 SET NAMES utf8mb4 */;

--
-- Database: `saw_darma`
--

-- --------------------------------------------------------

--
-- Struktur dari tabel `kriteria`
--

CREATE TABLE `kriteria` (
  `id_kriteria` int(11) NOT NULL,
  `kode_kriteria` varchar(255) NOT NULL,
  `nama_kriteria` varchar(255) NOT NULL,
  `jenis` enum('benefit','cost') NOT NULL,
  `bobot` int(11) NOT NULL,
  `status` int(11) DEFAULT NULL,
  `created_at` timestamp NULL DEFAULT NULL,
  `updated_at` timestamp NULL DEFAULT NULL
) ENGINE=InnoDB DEFAULT CHARSET=utf8mb4 COLLATE=utf8mb4_general_ci;

--
-- Dumping data untuk tabel `kriteria`
--

INSERT INTO `kriteria` (`id_kriteria`, `kode_kriteria`, `nama_kriteria`, `jenis`, `bobot`, `status`, `created_at`, `updated_at`) VALUES
(1, 'C1', 'Kemudahan Proses Boarding Pass', 'cost', 10, 1, '2023-09-23 05:59:08', '2023-09-24 04:42:01'),
(2, 'C2', 'Kemudahan Cetak Tiket', 'cost', 10, 1, '2023-09-23 07:22:24', '2023-09-23 07:22:24'),
(3, 'C3', 'Sikap Admin Tiketing', 'cost', 10, 1, '2023-09-23 07:22:51', '2023-09-23 07:22:51'),
(4, 'C4', 'Sikap Admin Boardingpass', 'cost', 10, 1, '2023-09-23 07:23:13', '2023-09-23 07:23:13'),
(5, 'C5', 'Keamanan Ruang tunggu', 'cost', 10, 1, '2023-09-23 07:23:40', '2023-09-23 07:23:40'),
(6, 'C6', 'Kenyamanan Ruang tunggu', 'cost', 10, 1, '2023-09-23 07:23:56', '2023-09-23 07:23:56'),
(7, 'C7', 'Kebersihan Ruang Tunggu', 'cost', 10, 1, '2023-09-23 07:24:26', '2023-09-23 07:24:26'),
(8, 'C8', 'Kelengkapan Fasilitas Ruang Tunggu', 'cost', 10, 1, '2023-09-23 07:24:38', '2023-09-23 07:24:38'),
(9, 'C9', 'Keamanan Dalam Kapal', 'cost', 10, 1, '2023-09-23 07:24:48', '2023-09-28 05:57:35'),
(10, 'C10', 'Kenyamanan Dalam Kapal', 'cost', 10, 1, '2023-09-23 07:25:04', '2023-09-28 01:57:51'),
(11, 'C11', 'Suhu Lautan', 'cost', 10, 0, '2023-09-28 04:00:22', '2023-09-28 23:05:41');

-- --------------------------------------------------------

--
-- Struktur dari tabel `kuisoner`
--

CREATE TABLE `kuisoner` (
  `id_kuisoner` int(11) NOT NULL,
  `nomor_identitas` varchar(255) NOT NULL,
  `nama` varchar(255) NOT NULL,
  `jenis_kelamin` varchar(255) NOT NULL,
  `maskapai` varchar(255) NOT NULL,
  `path_photo` varchar(255) NOT NULL,
  `status` int(11) DEFAULT NULL,
  `created_at` timestamp NULL DEFAULT NULL,
  `updated_at` timestamp NULL DEFAULT NULL
) ENGINE=InnoDB DEFAULT CHARSET=utf8mb4 COLLATE=utf8mb4_general_ci;

--
-- Dumping data untuk tabel `kuisoner`
--

INSERT INTO `kuisoner` (`id_kuisoner`, `nomor_identitas`, `nama`, `jenis_kelamin`, `maskapai`, `path_photo`, `status`, `created_at`, `updated_at`) VALUES
(1, 'asd', 'Seman', 'Laki-laki', '1', 'photo/1695555140.jpg', 1, '2023-08-24 04:32:20', '2023-09-28 23:05:18'),
(2, 'user 2', 'user 2', 'Perempuan', '2', 'photo/1695555204.jpg', 1, '2023-09-24 04:33:24', '2023-09-28 23:05:18'),
(3, 'user 3', 'Semi', 'Perempuan', '3', 'photo/1695887913.jpg', 1, '2023-09-28 00:58:33', '2023-09-28 23:05:18'),
(4, 'user 4', 'user 4', 'Laki-laki', '1', 'photo/1695890162.jpg', 1, '2023-09-28 01:36:02', '2023-09-28 23:05:18'),
(5, 'user 6', 'user 6', 'Laki-laki', '1', 'photo/1695900273.jpg', 1, '2023-09-28 04:24:33', '2023-09-28 23:05:18'),
(6, 'asd', 'Seman', 'Laki-laki', '1', 'photo/1698834072.jpeg', 1, '2023-11-01 03:21:12', '2023-11-01 03:21:12'),
(7, 'asd', 'Seman', 'Laki-laki', '1', 'photo/1698834189.jpeg', 1, '2023-11-01 03:23:09', '2023-11-01 03:23:09'),
(8, 'asd', 'Seman', 'Laki-laki', '1', 'photo/1698834356.jpeg', 1, '2023-11-01 03:25:56', '2023-11-01 03:25:56'),
(9, 'user 3', 'Seman', 'Laki-laki', '2', 'photo/1698834377.jpeg', 1, '2023-11-01 03:26:17', '2023-11-01 03:26:17'),
(10, 'user 4', 'Sangat Bagus', 'Laki-laki', '2', 'photo/1698834404.jpeg', 1, '2023-11-01 03:26:44', '2023-11-01 03:26:44'),
(11, 'asd', 'Seman', 'Laki-laki', '2', 'photo/1698834830.jpeg', 1, '2023-11-01 03:33:50', '2023-11-01 03:33:50'),
(12, 'asd', 'Seman', 'Laki-laki', '1', 'photo/1702562931.jpg', 1, '2023-12-14 07:08:51', '2023-12-14 07:08:51');

-- --------------------------------------------------------

--
-- Struktur dari tabel `maskapai`
--

CREATE TABLE `maskapai` (
  `id_maskapai` int(11) NOT NULL,
  `nama_maskapai` varchar(255) NOT NULL,
  `status` int(11) NOT NULL,
  `created_at` timestamp NULL DEFAULT NULL,
  `updated_at` timestamp NULL DEFAULT NULL
) ENGINE=InnoDB DEFAULT CHARSET=utf8mb4 COLLATE=utf8mb4_general_ci;

--
-- Dumping data untuk tabel `maskapai`
--

INSERT INTO `maskapai` (`id_maskapai`, `nama_maskapai`, `status`, `created_at`, `updated_at`) VALUES
(1, 'Maskapai 1', 1, NULL, NULL),
(2, 'Maskapai 2', 1, NULL, NULL),
(3, 'Maskapai 3', 1, NULL, NULL),
(4, 'Maskapai 4', 0, '2023-12-14 07:12:37', '2023-12-14 07:19:55');

-- --------------------------------------------------------

--
-- Struktur dari tabel `penilaian`
--

CREATE TABLE `penilaian` (
  `id_penilaian` int(11) NOT NULL,
  `id_kuisoner` int(11) NOT NULL,
  `id_kriteria` int(11) NOT NULL,
  `id_sub_kriteria` varchar(255) NOT NULL,
  `created_at` timestamp NULL DEFAULT NULL,
  `updated_at` timestamp NULL DEFAULT NULL
) ENGINE=InnoDB DEFAULT CHARSET=utf8mb4 COLLATE=utf8mb4_general_ci;

--
-- Dumping data untuk tabel `penilaian`
--

INSERT INTO `penilaian` (`id_penilaian`, `id_kuisoner`, `id_kriteria`, `id_sub_kriteria`, `created_at`, `updated_at`) VALUES
(21, 1, 1, '3', '2023-09-24 04:32:20', '2023-09-24 04:32:20'),
(22, 1, 2, '7', '2023-09-24 04:32:20', '2023-09-24 04:32:20'),
(23, 1, 3, '11', '2023-09-24 04:32:20', '2023-09-24 04:32:20'),
(24, 1, 4, '16', '2023-09-24 04:32:20', '2023-09-24 04:32:20'),
(25, 1, 5, '20', '2023-09-24 04:32:20', '2023-09-24 04:32:20'),
(26, 1, 6, '24', '2023-09-24 04:32:20', '2023-09-24 04:32:20'),
(27, 1, 7, '28', '2023-09-24 04:32:20', '2023-09-24 04:32:20'),
(28, 1, 8, '32', '2023-09-24 04:32:20', '2023-09-24 04:32:20'),
(29, 1, 9, '36', '2023-09-24 04:32:20', '2023-09-24 04:32:20'),
(30, 1, 10, '40', '2023-09-24 04:32:20', '2023-09-24 04:32:20'),
(31, 2, 1, '3', '2023-09-24 04:33:24', '2023-09-24 04:33:24'),
(32, 2, 2, '8', '2023-09-24 04:33:24', '2023-09-24 04:33:24'),
(33, 2, 3, '12', '2023-09-24 04:33:24', '2023-09-24 04:33:24'),
(34, 2, 4, '16', '2023-09-24 04:33:24', '2023-09-24 04:33:24'),
(35, 2, 5, '20', '2023-09-24 04:33:24', '2023-09-24 04:33:24'),
(36, 2, 6, '24', '2023-09-24 04:33:24', '2023-09-24 04:33:24'),
(37, 2, 7, '28', '2023-09-24 04:33:24', '2023-09-24 04:33:24'),
(38, 2, 8, '32', '2023-09-24 04:33:24', '2023-09-24 04:33:24'),
(39, 2, 9, '36', '2023-09-24 04:33:24', '2023-09-24 04:33:24'),
(40, 2, 10, '40', '2023-09-24 04:33:24', '2023-09-24 04:33:24'),
(41, 3, 1, '2', '2023-09-28 00:58:33', '2023-09-28 00:58:33'),
(42, 3, 2, '8', '2023-09-28 00:58:33', '2023-09-28 00:58:33'),
(43, 3, 3, '11', '2023-09-28 00:58:33', '2023-09-28 00:58:33'),
(44, 3, 4, '14', '2023-09-28 00:58:33', '2023-09-28 00:58:33'),
(45, 3, 5, '21', '2023-09-28 00:58:33', '2023-09-28 00:58:33'),
(46, 3, 6, '25', '2023-09-28 00:58:33', '2023-09-28 00:58:33'),
(47, 3, 7, '29', '2023-09-28 00:58:33', '2023-09-28 00:58:33'),
(48, 3, 8, '30', '2023-09-28 00:58:33', '2023-09-28 00:58:33'),
(49, 3, 9, '36', '2023-09-28 00:58:33', '2023-09-28 00:58:33'),
(50, 3, 10, '39', '2023-09-28 00:58:33', '2023-09-28 00:58:33'),
(51, 4, 1, '3', '2023-09-28 01:36:02', '2023-09-28 01:36:02'),
(52, 4, 2, '8', '2023-09-28 01:36:02', '2023-09-28 01:36:02'),
(53, 4, 3, '12', '2023-09-28 01:36:02', '2023-09-28 01:36:02'),
(54, 4, 4, '16', '2023-09-28 01:36:02', '2023-09-28 01:36:02'),
(55, 4, 5, '20', '2023-09-28 01:36:02', '2023-09-28 01:36:02'),
(56, 4, 6, '24', '2023-09-28 01:36:02', '2023-09-28 01:36:02'),
(57, 4, 7, '28', '2023-09-28 01:36:02', '2023-09-28 01:36:02'),
(58, 4, 8, '33', '2023-09-28 01:36:02', '2023-09-28 01:36:02'),
(59, 4, 9, '37', '2023-09-28 01:36:02', '2023-09-28 01:36:02'),
(60, 4, 10, '41', '2023-09-28 01:36:02', '2023-09-28 01:36:02'),
(70, 5, 1, '3', '2023-09-28 04:24:33', '2023-09-28 04:24:33'),
(71, 5, 2, '6', '2023-09-28 04:24:33', '2023-09-28 04:24:33'),
(72, 5, 3, '12', '2023-09-28 04:24:33', '2023-09-28 04:24:33'),
(73, 5, 4, '17', '2023-09-28 04:24:33', '2023-09-28 04:24:33'),
(74, 5, 5, '18', '2023-09-28 04:24:33', '2023-09-28 04:24:33'),
(75, 5, 6, '23', '2023-09-28 04:24:33', '2023-09-28 04:24:33'),
(76, 5, 7, '28', '2023-09-28 04:24:33', '2023-09-28 04:24:33'),
(77, 5, 8, '33', '2023-09-28 04:24:33', '2023-09-28 04:24:33'),
(78, 5, 9, '35', '2023-09-28 04:24:33', '2023-09-28 04:24:33'),
(79, 5, 10, '39', '2023-09-28 04:24:33', '2023-09-28 04:24:33'),
(80, 5, 11, '44', '2023-09-28 04:24:33', '2023-09-28 04:24:33'),
(81, 6, 1, '2', '2023-11-01 03:21:12', '2023-11-01 03:21:12'),
(82, 6, 2, '6', '2023-11-01 03:21:12', '2023-11-01 03:21:12'),
(83, 6, 3, '11', '2023-11-01 03:21:12', '2023-11-01 03:21:12'),
(84, 6, 4, '14', '2023-11-01 03:21:12', '2023-11-01 03:21:12'),
(85, 6, 5, '19', '2023-11-01 03:21:12', '2023-11-01 03:21:12'),
(86, 6, 6, '23', '2023-11-01 03:21:12', '2023-11-01 03:21:12'),
(87, 6, 7, '27', '2023-11-01 03:21:12', '2023-11-01 03:21:12'),
(88, 6, 8, '32', '2023-11-01 03:21:12', '2023-11-01 03:21:12'),
(89, 6, 9, '35', '2023-11-01 03:21:12', '2023-11-01 03:21:12'),
(90, 6, 10, '40', '2023-11-01 03:21:12', '2023-11-01 03:21:12'),
(91, 7, 1, '2', '2023-11-01 03:23:09', '2023-11-01 03:23:09'),
(92, 7, 2, '7', '2023-11-01 03:23:09', '2023-11-01 03:23:09'),
(93, 7, 3, '12', '2023-11-01 03:23:09', '2023-11-01 03:23:09'),
(94, 7, 4, '15', '2023-11-01 03:23:09', '2023-11-01 03:23:09'),
(95, 7, 5, '21', '2023-11-01 03:23:09', '2023-11-01 03:23:09'),
(96, 7, 6, '23', '2023-11-01 03:23:09', '2023-11-01 03:23:09'),
(97, 7, 7, '29', '2023-11-01 03:23:09', '2023-11-01 03:23:09'),
(98, 7, 8, '31', '2023-11-01 03:23:09', '2023-11-01 03:23:09'),
(99, 7, 9, '36', '2023-11-01 03:23:09', '2023-11-01 03:23:09'),
(100, 7, 10, '38', '2023-11-01 03:23:09', '2023-11-01 03:23:09'),
(101, 8, 1, '2', '2023-11-01 03:25:56', '2023-11-01 03:25:56'),
(102, 8, 2, '7', '2023-11-01 03:25:56', '2023-11-01 03:25:56'),
(103, 8, 3, '13', '2023-11-01 03:25:56', '2023-11-01 03:25:56'),
(104, 8, 4, '17', '2023-11-01 03:25:56', '2023-11-01 03:25:56'),
(105, 8, 5, '21', '2023-11-01 03:25:56', '2023-11-01 03:25:56'),
(106, 8, 6, '25', '2023-11-01 03:25:56', '2023-11-01 03:25:56'),
(107, 8, 7, '29', '2023-11-01 03:25:56', '2023-11-01 03:25:56'),
(108, 8, 8, '32', '2023-11-01 03:25:56', '2023-11-01 03:25:56'),
(109, 8, 9, '36', '2023-11-01 03:25:56', '2023-11-01 03:25:56'),
(110, 8, 10, '40', '2023-11-01 03:25:56', '2023-11-01 03:25:56'),
(111, 9, 1, '3', '2023-11-01 03:26:17', '2023-11-01 03:26:17'),
(112, 9, 2, '7', '2023-11-01 03:26:17', '2023-11-01 03:26:17'),
(113, 9, 3, '12', '2023-11-01 03:26:17', '2023-11-01 03:26:17'),
(114, 9, 4, '15', '2023-11-01 03:26:17', '2023-11-01 03:26:17'),
(115, 9, 5, '20', '2023-11-01 03:26:17', '2023-11-01 03:26:17'),
(116, 9, 6, '24', '2023-11-01 03:26:17', '2023-11-01 03:26:17'),
(117, 9, 7, '29', '2023-11-01 03:26:17', '2023-11-01 03:26:17'),
(118, 9, 8, '32', '2023-11-01 03:26:17', '2023-11-01 03:26:17'),
(119, 9, 9, '36', '2023-11-01 03:26:17', '2023-11-01 03:26:17'),
(120, 9, 10, '41', '2023-11-01 03:26:17', '2023-11-01 03:26:17'),
(121, 10, 1, '4', '2023-11-01 03:26:44', '2023-11-01 03:26:44'),
(122, 10, 2, '7', '2023-11-01 03:26:44', '2023-11-01 03:26:44'),
(123, 10, 3, '12', '2023-11-01 03:26:44', '2023-11-01 03:26:44'),
(124, 10, 4, '16', '2023-11-01 03:26:44', '2023-11-01 03:26:44'),
(125, 10, 5, '20', '2023-11-01 03:26:44', '2023-11-01 03:26:44'),
(126, 10, 6, '24', '2023-11-01 03:26:44', '2023-11-01 03:26:44'),
(127, 10, 7, '28', '2023-11-01 03:26:44', '2023-11-01 03:26:44'),
(128, 10, 8, '32', '2023-11-01 03:26:44', '2023-11-01 03:26:44'),
(129, 10, 9, '36', '2023-11-01 03:26:44', '2023-11-01 03:26:44'),
(130, 10, 10, '40', '2023-11-01 03:26:44', '2023-11-01 03:26:44'),
(131, 11, 1, '3', '2023-11-01 03:33:50', '2023-11-01 03:33:50'),
(132, 11, 2, '8', '2023-11-01 03:33:50', '2023-11-01 03:33:50'),
(133, 11, 3, '12', '2023-11-01 03:33:50', '2023-11-01 03:33:50'),
(134, 11, 4, '17', '2023-11-01 03:33:50', '2023-11-01 03:33:50'),
(135, 11, 5, '21', '2023-11-01 03:33:50', '2023-11-01 03:33:50'),
(136, 11, 6, '25', '2023-11-01 03:33:50', '2023-11-01 03:33:50'),
(137, 11, 7, '28', '2023-11-01 03:33:50', '2023-11-01 03:33:50'),
(138, 11, 8, '32', '2023-11-01 03:33:50', '2023-11-01 03:33:50'),
(139, 11, 9, '36', '2023-11-01 03:33:50', '2023-11-01 03:33:50'),
(140, 11, 10, '40', '2023-11-01 03:33:50', '2023-11-01 03:33:50'),
(141, 12, 1, '4', '2023-12-14 07:08:51', '2023-12-14 07:08:51'),
(142, 12, 2, '8', '2023-12-14 07:08:51', '2023-12-14 07:08:51'),
(143, 12, 3, '12', '2023-12-14 07:08:52', '2023-12-14 07:08:52'),
(144, 12, 4, '17', '2023-12-14 07:08:52', '2023-12-14 07:08:52'),
(145, 12, 5, '21', '2023-12-14 07:08:52', '2023-12-14 07:08:52'),
(146, 12, 6, '25', '2023-12-14 07:08:52', '2023-12-14 07:08:52'),
(147, 12, 7, '29', '2023-12-14 07:08:52', '2023-12-14 07:08:52'),
(148, 12, 8, '33', '2023-12-14 07:08:52', '2023-12-14 07:08:52'),
(149, 12, 9, '37', '2023-12-14 07:08:52', '2023-12-14 07:08:52'),
(150, 12, 10, '41', '2023-12-14 07:08:52', '2023-12-14 07:08:52');

-- --------------------------------------------------------

--
-- Struktur dari tabel `sub_kriteria`
--

CREATE TABLE `sub_kriteria` (
  `id_subkriteria` int(11) NOT NULL,
  `id_kriteria` int(11) NOT NULL,
  `nama_subkriteria` varchar(255) NOT NULL,
  `bobot` int(11) NOT NULL,
  `created_at` timestamp NULL DEFAULT NULL,
  `updated_at` timestamp NULL DEFAULT NULL
) ENGINE=InnoDB DEFAULT CHARSET=utf8mb4 COLLATE=utf8mb4_general_ci;

--
-- Dumping data untuk tabel `sub_kriteria`
--

INSERT INTO `sub_kriteria` (`id_subkriteria`, `id_kriteria`, `nama_subkriteria`, `bobot`, `created_at`, `updated_at`) VALUES
(1, 1, 'Sulit', 4, '2023-09-23 07:13:02', '2023-09-23 07:13:02'),
(2, 1, 'Cukup Sulit', 3, '2023-09-23 07:16:53', '2023-09-23 07:16:53'),
(3, 1, 'Mudah', 2, '2023-09-23 07:16:58', '2023-09-23 07:16:58'),
(4, 1, 'Sangat Mudah', 1, '2023-09-23 07:17:08', '2023-09-23 07:17:08'),
(6, 2, 'Cukup Sulit', 3, '2023-09-23 07:27:02', '2023-09-23 07:27:02'),
(7, 2, 'Mudah', 2, '2023-09-23 07:27:23', '2023-09-23 07:27:23'),
(8, 2, 'Sangat Mudah', 1, '2023-09-23 07:27:27', '2023-09-23 07:27:27'),
(9, 2, 'Sulit', 4, '2023-09-23 07:57:24', '2023-09-23 07:57:24'),
(10, 3, 'Kurang baik', 4, '2023-09-23 09:22:59', '2023-09-23 09:22:59'),
(11, 3, 'Cukup Baik', 3, '2023-09-23 09:23:09', '2023-09-23 09:23:09'),
(12, 3, 'Baik', 2, '2023-09-23 09:23:20', '2023-09-23 09:23:20'),
(13, 3, 'Sangat Baik', 1, '2023-09-23 09:23:27', '2023-09-23 09:23:27'),
(14, 4, 'Kurang baik', 4, '2023-09-23 09:24:10', '2023-09-23 09:24:10'),
(15, 4, 'Cukup Baik', 3, '2023-09-23 09:24:14', '2023-09-23 09:24:14'),
(16, 4, 'Baik', 2, '2023-09-23 09:24:26', '2023-09-23 09:24:26'),
(17, 4, 'Sangat Baik', 1, '2023-09-23 09:24:34', '2023-09-23 09:24:34'),
(18, 5, 'Kurang Aman', 4, '2023-09-23 09:24:58', '2023-09-23 09:24:58'),
(19, 5, 'Cukup Aman', 3, '2023-09-23 09:25:04', '2023-09-23 09:25:04'),
(20, 5, 'Aman', 2, '2023-09-23 09:25:09', '2023-09-23 09:25:09'),
(21, 5, 'Sangat Aman', 1, '2023-09-23 09:25:16', '2023-09-23 09:25:16'),
(22, 6, 'Kurang Nyaman', 4, '2023-09-23 09:25:41', '2023-09-23 09:25:41'),
(23, 6, 'Cukup Nyaman', 3, '2023-09-23 09:25:48', '2023-09-23 09:25:48'),
(24, 6, 'Nyaman', 2, '2023-09-23 09:25:55', '2023-09-23 09:25:55'),
(25, 6, 'Sangat Nyaman', 1, '2023-09-23 09:26:01', '2023-09-23 09:26:01'),
(26, 7, 'Kurang Bersih', 4, '2023-09-23 09:26:18', '2023-09-23 09:26:18'),
(27, 7, 'Cukup Bersih', 3, '2023-09-23 09:26:24', '2023-09-23 09:26:24'),
(28, 7, 'Bersih', 2, '2023-09-23 09:26:30', '2023-09-23 09:26:30'),
(29, 7, 'Sangat Bersih', 1, '2023-09-23 09:26:35', '2023-09-23 09:26:35'),
(30, 8, 'Kurang', 4, '2023-09-23 09:26:52', '2023-09-23 09:26:52'),
(31, 8, 'Cukup', 3, '2023-09-23 09:26:58', '2023-09-23 09:26:58'),
(32, 8, 'Lengkap', 2, '2023-09-23 09:27:03', '2023-09-23 09:27:03'),
(33, 8, 'Sangat Lengkap', 1, '2023-09-23 09:27:09', '2023-09-23 09:27:09'),
(34, 9, 'Kurang Aman', 4, '2023-09-23 09:27:34', '2023-09-23 09:27:34'),
(35, 9, 'Cukup aman', 3, '2023-09-23 09:27:42', '2023-09-23 09:27:42'),
(36, 9, 'Aman', 2, '2023-09-23 09:27:49', '2023-09-23 09:27:49'),
(37, 9, 'Sangat Aman', 1, '2023-09-23 09:27:55', '2023-09-23 09:27:55'),
(38, 10, 'Kurang Nyaman', 4, '2023-09-23 09:28:11', '2023-09-23 09:28:11'),
(39, 10, 'Cukup Nyaman', 3, '2023-09-23 09:28:15', '2023-09-23 09:28:15'),
(40, 10, 'Nyaman', 2, '2023-09-23 09:28:20', '2023-09-23 09:28:20'),
(41, 10, 'Sangat Nyaman', 1, '2023-09-23 09:28:25', '2023-09-23 09:28:25'),
(42, 11, 'dingin', 4, '2023-09-28 04:22:29', '2023-09-28 04:22:29'),
(44, 11, 'Sedang', 3, '2023-09-28 04:23:37', '2023-09-28 04:23:37'),
(45, 11, 'hangat', 2, '2023-09-28 04:23:43', '2023-09-28 04:23:43'),
(46, 11, 'panas', 1, '2023-09-28 04:23:47', '2023-09-28 04:23:47');

-- --------------------------------------------------------

--
-- Struktur dari tabel `users`
--

CREATE TABLE `users` (
  `id` int(11) NOT NULL,
  `username` varchar(50) NOT NULL,
  `nama_lengkap` varchar(80) NOT NULL,
  `password` varchar(150) NOT NULL,
  `role` varchar(20) NOT NULL,
  `created_at` timestamp NULL DEFAULT NULL,
  `updated_at` timestamp NULL DEFAULT NULL
) ENGINE=InnoDB DEFAULT CHARSET=utf8mb4 COLLATE=utf8mb4_general_ci;

--
-- Dumping data untuk tabel `users`
--

INSERT INTO `users` (`id`, `username`, `nama_lengkap`, `password`, `role`, `created_at`, `updated_at`) VALUES
(14, 'admin', 'admin', '$2y$10$t0/laeFdYO5ll7D.plUIg.vtAnMpCz26Rj4rnvX9P7Ix3Q7O44pue', 'admin', '2023-09-28 23:00:49', '2023-09-28 23:00:49');

--
-- Indexes for dumped tables
--

--
-- Indeks untuk tabel `kriteria`
--
ALTER TABLE `kriteria`
  ADD PRIMARY KEY (`id_kriteria`);

--
-- Indeks untuk tabel `kuisoner`
--
ALTER TABLE `kuisoner`
  ADD PRIMARY KEY (`id_kuisoner`);

--
-- Indeks untuk tabel `maskapai`
--
ALTER TABLE `maskapai`
  ADD PRIMARY KEY (`id_maskapai`);

--
-- Indeks untuk tabel `penilaian`
--
ALTER TABLE `penilaian`
  ADD PRIMARY KEY (`id_penilaian`);

--
-- Indeks untuk tabel `sub_kriteria`
--
ALTER TABLE `sub_kriteria`
  ADD PRIMARY KEY (`id_subkriteria`);

--
-- Indeks untuk tabel `users`
--
ALTER TABLE `users`
  ADD PRIMARY KEY (`id`);

--
-- AUTO_INCREMENT untuk tabel yang dibuang
--

--
-- AUTO_INCREMENT untuk tabel `kriteria`
--
ALTER TABLE `kriteria`
  MODIFY `id_kriteria` int(11) NOT NULL AUTO_INCREMENT, AUTO_INCREMENT=13;

--
-- AUTO_INCREMENT untuk tabel `kuisoner`
--
ALTER TABLE `kuisoner`
  MODIFY `id_kuisoner` int(11) NOT NULL AUTO_INCREMENT, AUTO_INCREMENT=13;

--
-- AUTO_INCREMENT untuk tabel `maskapai`
--
ALTER TABLE `maskapai`
  MODIFY `id_maskapai` int(11) NOT NULL AUTO_INCREMENT, AUTO_INCREMENT=5;

--
-- AUTO_INCREMENT untuk tabel `penilaian`
--
ALTER TABLE `penilaian`
  MODIFY `id_penilaian` int(11) NOT NULL AUTO_INCREMENT, AUTO_INCREMENT=151;

--
-- AUTO_INCREMENT untuk tabel `sub_kriteria`
--
ALTER TABLE `sub_kriteria`
  MODIFY `id_subkriteria` int(11) NOT NULL AUTO_INCREMENT, AUTO_INCREMENT=47;

--
-- AUTO_INCREMENT untuk tabel `users`
--
ALTER TABLE `users`
  MODIFY `id` int(11) NOT NULL AUTO_INCREMENT, AUTO_INCREMENT=15;
COMMIT;

/*!40101 SET CHARACTER_SET_CLIENT=@OLD_CHARACTER_SET_CLIENT */;
/*!40101 SET CHARACTER_SET_RESULTS=@OLD_CHARACTER_SET_RESULTS */;
/*!40101 SET COLLATION_CONNECTION=@OLD_COLLATION_CONNECTION */;
